meter_id,owner_id,wallet,kwh,window_epoch,mint_sig,slot,confirmed,grid_balance,delivered_onchain
dc9e507b-8349-4e12-89d7-33bde3fb89bf,952a47d9-91f6-498d-9773-f7f97261807d,J3EsXQasLtCbCz8u6oQuzgR1XWjCenz4TAtCTduSFmNj,5.0,1783693800,2f73qyv1YoSwWpReUCyMYTRn7Wg2Sp3mK8hxoMUndLakHicxcKrCR9hHVs7hvviqNKCBvPWrVBsABiLJckeGumQu,572,True,5.0,True
a1fc33b9-1982-456c-9de0-4c4a4a957940,83663162-dd8c-43bc-813c-29f00fb15459,8kc9sVNvoswPubsm8dmxKHP7FArkyCit9ZuRLhjD8Uyh,5.0,1783693800,2H8Gur1DcGLYs8U7hz5p83z3UEXAKTW9AcbSMJoniYxK2tKzEEnVvKGHRQ27eKxjBru66WqJMVHWhHRbXNZo8CKk,572,True,5.0,True
1df8433d-1ee2-4877-923b-2b8ce3bfe56b,d88dbf62-3412-4cc7-a6de-64806b9bd9bc,yTMELVGw9kAfEgaEbMpzperJxDsNmr89eSe8KZfsfNz,5.0,1783693800,5dz4y1hM5o1AycuyN4CdBdyGAHQ895fNDBi6RzhmzHxkrsoQRn4vRJ77vzvvEtYUHBAZ5LhJM2zhwjRFEF7FFuud,572,True,5.0,True
2c726731-ae98-45f8-ab79-16e3a6840585,6d951787-d782-4086-8535-eed1568467bd,8xopuqqNyZTjWj2TDKZHf7rRVQEP78bCQzYvvH6iamZm,5.0,1783693800,4Dq2j62pqLtZoc6kjkUJCLcxJ6KeVNRQEPCFPN9j4Gcyf6N3MDpeECPyz89KGLq6LSEu5QZhtkx1QTiYqpCRsdqi,572,True,5.0,True
9c5c48ca-4e19-4079-9fa9-cb8ee07f97dd,94368ac8-af8c-4878-9ae1-227e0f4f6f0b,EhrBZYg4Uhpa8b8Y5fPNQnRjh82uwEu7cj4JmNBuQtEi,5.0,1783693800,3TLiQ4TNLUnVojusnyGhdWRB8xeQMG8XEFq3xEk1z8aUv5cKFEHAFDNVrsG8JcfAe8cMJgVgL8nAXCa1wfLZkE1V,572,True,5.0,True
a2258ed6-a81c-410e-9d76-17c3984e5da3,28a2f379-af34-4a83-9068-ff95b24f6a48,2UToAA7hrL8qrXE1TmLzon5oabK1MJngCazuFVoEGdjB,5.0,1783693800,34udFxmH1FhSSHBHK3UKTn9yzV5mSH1hQUd1oYHdvXhLrbhHHC13MfYfNZgsKAVDg7yrL2Ss5ct6WstiuuGnUvAh,572,True,5.0,True
367044e5-65fd-4a87-aa1f-40a41c6392a0,a57700e2-9ab7-468b-be7d-aacf70d78c44,HZpFHx87xbRFRNSTxUcvZGpZbP5Hy8kQ1wS9MYvfst6H,5.0,1783693800,5JDhZyPTbFnurDMWd8x15yASUE3ELUdDrpbXeUmArVZCuB78NUU2xJVPfbvfCBJx3nrFAFDGV4vBdoPuHqsYv9Bn,572,True,5.0,True
2a2a8c04-14ba-4201-86fa-0801548c2249,dd803bda-e05b-4bf3-8272-c297b9f7f447,BjwWuww4kxrwD6DLmvZvm2VmTRJCKWV7ouW6QfrUaeZo,5.0,1783693800,4pZ8TqFYWP7DQ8w4kGschCN8tYA7NrGHK2kzzRV5wcKt7cPv4ac3EszaEV2y3GcsCZgF8CYmDXaGAaDc9NTpXNgY,572,True,5.0,True
3f9c26fb-5ae6-4eae-b6f3-e4ad6b5946ee,1c986f49-04b6-4251-8029-158618a1d8be,C1W3vSBdGQoCtscmFbwps7Bd5LUpzms8NJHUWGqiBPPx,5.0,1783693800,2ZGYL4vfsuVPXZ6MC9kPwd6Jh5AT6KZgy9mYs7T8tEwCPKg7k2GAu4PtLr9KdTR7CDu1raZPSF3Am3nwuUzVBE7i,572,True,5.0,True
267c8280-927e-4242-b899-cfa15b48e0a9,eabe9690-ecf4-4cd6-97e4-be420e9c48b8,8YRtms9aAP77B5jbWdNXhH7goRWogwzFMpvNbZC5kSr2,5.0,1783693800,3Cuy1fAojEfcLVAkNdVsd1MfSC6sr3UgYLqX6D7yMUT2KSshCugCtfr6xke9YppkxdQorMP2vRwX9Gzr44qRyGZr,572,True,5.0,True
6a18f2a4-8d51-4589-af0e-3e5f37b20985,f66edf61-ccde-4d3e-bb4c-18a5453c74f1,Sq9gqSbxxDGaWZaeWm8VCBQZy6fvsMTtok31CrnWrtJ,5.0,1783693800,2hbAuJvFeRjyopyjuSHFsWTJ1ycKREEUT7CTqxoQrv5dsgsKtmG4yHJrjdcYQicc3xjyF9QmunT3rcscR4ahg1vD,572,True,5.0,True
aeaebc80-f343-4dbf-ae87-2ee846da697e,775b91cd-4dca-4faa-beee-5bcfabaa656e,9anyZa4aAABXWwBK1XGUHrf5R8rHSVRQZnvYNJ86T6VN,5.0,1783693800,2e7CsEYkeXa7C1RuXvLtCUbbhjmVdSKfixGdGF3BiUyhnyEZadGQZyxt4hWCg3WHsUAxvFRUtnUDttZLZNtWdaXG,572,True,5.0,True
4a6a4b3f-e267-4d91-86b1-af0616117f0f,8bacb598-5ad3-4ef3-8bf8-9ee4b8185dfa,B39iZdMDj7yd7B9QqxDDwgxH6Ww7ZcGKpuBcviu6VxHc,5.0,1783693800,5grnirrBSuYMHY8fqxXfZGGihsawEMQqHG9Hesw3tJA4aJ6HU8wxQRaM6LBKbiQNo53ZjhmCFjA4Nx9mkakKs4PJ,572,True,5.0,True
0be8aa7c-d249-48a5-ab2a-ff97b2c6ad02,5e55d0df-f370-43af-a710-acb79765d525,Anvhhs9N4Dicup4ZXTjY4HKvpveE2mFVVEghc1kgwwRY,5.0,1783693800,543A466fLriq2As3nRB8YiN7FidtnuNaBJPyLrWbPyF1xq5Cv7CEA37BrJv4TggjqpmsuJNnjN5DwDeFUXFzMNfG,572,True,5.0,True
af8353e9-6dc9-4556-a84b-8b1a18b757d2,bcd0da0b-26ef-4e13-be39-3b07d3b8aa7f,FCUddmJ53gQmGwKRNyBAwYCpfH21hkE47dAbeqZdokvo,5.0,1783693800,28CvDdCDZGmrFY52VhDmQLh9v315skcVTibmt5qf8GZVztgXNMAqMDZdUVEU8tY8hWxGuNQ6bt68rRwNGjS3deeD,572,True,5.0,True
deed6a28-dabf-4b84-9206-e8a2f22a311a,1ac0ec0f-e37b-43ce-b955-82e27ea1d3da,Hp4odhnAGz8F6xRmBmWQSVm1jAMiVw3kPmTpvFxFGgpg,5.0,1783693800,64wFH4Nw7U39kk4UtZyGhBnsvEC8BJfnWrnZo2jgZ1BLhbEBZVbA9fGmk7XSwmje1QvXitkmmztRPTTXU7tYwYe4,572,True,5.0,True
053c5b98-264e-49c4-b79f-5976867fe537,0ba0652e-b8cf-425f-9c74-ff2bb6982286,Fhm7uFCRqjen846Zb8FLwMD72p23CrSnSuU2sDD18EB3,5.0,1783693800,5mdvKZHYFbRXh2ziycdbXYMAKXUyueBZLoL2Z2EFiPTSorfBWqBSAcVuTj2yYYQwCFfuYcUn3Gq1p8zSLncn6528,572,True,5.0,True
247b1ce8-2844-4272-89be-a220bf37345f,a4e3cbba-6ef4-4a63-af65-2eed747a43bd,7yuSUr9CSD2ev1UVyxhaWX7G6bwhwVzzbY7nh4XbkWg1,5.0,1783693800,o8nyRGJi4WqgY8G6YDYVvMC8GBzx5WYZnX4BLByTYPqQkBYyyPULtc3AoCnVsnkX4R3fz1zisnS5FCV7xjNFNCS,572,True,5.0,True
baa7e769-416a-4d73-a1cf-2c530b7105c6,501e9aeb-b625-4a8c-abf5-1ca133927a12,5JNznadnAjxvcLcNJoZB6jP2mVxRUkeLphnbeRC3fziE,5.0,1783693800,3Spdp4o6qLUvFekWpN9LAmUMbHyZDDnFi2zRUr3tVe15XP9U5rP8Dxs1e1hYL8Bu34wVUYAQfdpGgGyqdDHjH3W9,572,True,5.0,True
3d095620-9250-4205-a129-56cf890e8c92,4e509679-497f-457d-9ae6-51a5f271ca62,e61VYUwwR7gEZ2AQ1brbwf7rDbGSV6YpUYLJhtTJqXT,5.0,1783693800,2cUJ48429iNFxBfrrnDTyKpgDjRyrERwDeLPQG3X8c9tXNkMKL7H2LRuRh7Js7ZJVGsdUzCGhsR9xdk83ZVsSMy5,572,True,5.0,True
b0724989-9b95-4e6e-90d6-f35cba761947,9cc44932-f013-4bb6-8440-d9a26ed621e6,4Yhf2iqWtPsZnL9f6rYNSMxRvrjHhSJtCffPz5XX8sGd,5.0,1783693800,5k5njL5gDnNSPnBNiRBycafXG3XdRPR1HvKD5UeUfJF7tfJ7D1a9FxiX6eztDzP2cmTYY9JEKpRcN39sfoCaHbwH,572,True,5.0,True
200d2c58-a9b6-4e42-90b2-559c9f629c9c,b10c17f5-02bd-4cd0-85e5-21db07d9cb66,E3NjnVcVnjUHzZAAL5TKYMXdeUAENQs7aVYDSkUpwSeE,5.0,1783693800,5f53Xj4HKAq4xQiN9tdqZBbfXu7yPBvrNgX4bMxq5wYTgfQBMQbi67nGQNfZm2bE3NGBQUg1UxN12SnuxtQxZYjM,572,True,5.0,True
6e551d75-f7b9-4562-a160-56f5cf4aa0ef,05d7fff3-c077-48e4-bd6a-93c875b100ce,DMw9q1EJpMM72waCmBFdowNNwdkPyUrTwjR39a42mV9X,5.0,1783693800,4kRGUqY46oDQVE9J16n6SrGR8eFxQ1aTVEvwjgqWE76ncCNVRL816Qwua8BYis7zhVkQH3hEqAJmsa36nuz6pwfB,572,True,5.0,True
ff5d8eb9-f199-41ee-9b39-1100db107bef,f82976cb-e909-489f-9513-752a9c907e28,6TEukYQw4Ybkc3YoZbEfZgr1SeQiFXV2KXVE2enXWWFj,5.0,1783693800,5PKmdrQrqaRtmQFJeYctWjuEwtBHpmfUZznKGNtcb8qmiohog7vBpiqDN7FDNGvWz2SdNNDFvagzeN5tEZ3qW14R,572,True,5.0,True
33a65435-5ea9-43bb-9e0f-b8bf76c5bdc6,6994f39e-5995-44e7-931f-80d59a95647e,Rux2Z6Nu9VzdeGAsrPekjzvSDeUHVShAwvyPLQfncE6,5.0,1783693800,64EkjSvvUj256KHwVfZVScfHUppGMcTtdEYtiZaxb8zqUvHLYbT2V9RhwoUMECC54he3XpwrxAntEN8bpih6G6E2,572,True,5.0,True
9ecc55a2-6fa3-4d24-b968-7574a2466fb3,43122ead-86dc-4a68-91ca-4b45c1379d16,3KKd6bhABCaiaKUjq53Z7pFvE8LoWuaYj7FnmhVYP1tn,5.0,1783693800,4CuPr3jXVLfTGVmhzXKKBFTXMNKaXtBVqRwCzSWUTE7retn8yR4WGXDRM1utJcvyudzVwowQpvDn3Ah67kEUxhnM,572,True,5.0,True
b592e0b9-e404-4da5-8b1e-d7f0f66ddf4e,8c5fc398-2e9a-44fe-8610-666ca1bf1fa2,6hZ4pJpbYdGfp8XDybNu5NjNauFn5dc7mEiYoQMykHrc,5.0,1783693800,2UqdjT4AYDhMSKXLSxNwYuZxdZer2brWfBEntnDg8YGyXzDvpKZsWK8MMaJG5KkhK25jb3omKqEqtMtMh6qWzjcw,572,True,5.0,True
6a902714-3b3f-4b82-93ad-5ae59ada1dfc,5b236558-8a20-4773-a150-79b2e4ba192f,5wz214CQzecTXCggc53ejU4hYiUpo3z6QxqP4emWtHKT,5.0,1783693800,3fKieEKyZN21VajJpR5cGn1jkFZkLWDZn4zqB5gQgR7ZD2aQZoKpvx74ig6R6uZ1umNN3MfpRVSKDKLg4yzGYjAt,572,True,5.0,True
45b9d8f1-fe99-4e47-8b98-b79e0322fbf1,6fba4e81-94fd-46b9-b50f-a73442a9a948,DPEkHWD53FGAX2zhWs7NBg6yc48FRWrqjvgup51Hg8jc,5.0,1783693800,4hjF5Sh5gPHwNw7TToKmrFSpG1fKDBkszLNZ9RoToLXAXa74CuL87jti3cw7J9FoC2L8NywwkogpTTE2hkDEPm2Y,572,True,5.0,True
98747460-1da7-4f5e-a7ac-a6f8b0fac8b2,4855af6d-b34f-41e0-a22f-a87743c4fabd,E3RMDsFMQHLMQ4kGf6xuHm5DJc8dLndXGt8DU8uTmGxe,5.0,1783693800,4X74mbWgV5wKgAeugdVC64sWz34N3RBHrfrqyZJ7RgCdrUhpUxhWQbR23hapk1U7gwWmSzqY44shbGq6Ebti69S4,572,True,5.0,True
f3faa9e7-f4bc-42e1-884b-d82e1aaba0a2,fb5d3edf-2bfe-4e44-a731-21eb4013a832,AxrgBLB8V4MRHfp2HRgW8Py7TrGBeHaarceMr7dsUMmg,5.0,1783693800,Xqx95s64CRFrvJAHDrzjsobtSaQ4oupJiy4hm12XuR8PYmvQuzpu8VnSpAgp2kcvCpAQBAVojZsU8gYGjX4AzS7,572,True,5.0,True
c40c763f-4dd9-4330-8834-44428198582e,edf97cd5-b3c7-4d69-aed6-336b475645c8,AmJCfUtr91LYYMgWkiKikUREtwEfphyJJhFoch2Yo7p2,5.0,1783693800,3iYb8RL2gwGdhEZo7zkRU9RTBeHSJedW5dYSLW22WRYw2BXLwxkTHdVpXbZvj8csXgaAc9G2TpCRg5m9iadzFJWS,572,True,5.0,True
6584ef4b-ba63-4cc5-b0dd-d7282445667e,f69c302f-f080-4b7c-95ed-8d0d4b9c574f,ChViVe4JUynzb8BcWTD2kcQZrZhMyj8uY8UMCQauZ3rZ,5.0,1783693800,QwTydsjzQvwAxMkhFg5siZbHxEYFhHoxrGXafptZL83EQJ3ZCCcemWrnjxFoPSjFtGCmS2VKPxNEeS9Ue3ugeZy,572,True,5.0,True
0dfb630b-79e8-4c2e-9f99-3134b8877886,6bfaa738-429b-4723-95d4-c4ca29dee466,4JjmGDbtrDqxG77KZqB8eUNSwzpE6hMujWCKmH2JdAMG,5.0,1783693800,3D6zZbtbr6A1qv6ngJwptS2QUmwt4xLn6XY4YWdjrDfh1xS2gztBQcAqu8Ddo9ZCieYuuDxLsPA6JY2VTdokRzpn,572,True,5.0,True
df146e83-0c2f-4c3f-a383-681386885572,ebb7448c-3885-46e3-9cdc-5f9dd3cf4c08,9orgMJxZ9gm2EAnmwUFgCjtRyJNDzp3BTpJtwrkahqUo,5.0,1783693800,2UUBuujA2dE35qCNAgFwfHiphj6oiww7AgNWQPRZ4KpffU66wcFrYPxMiPtrfVzrsTFckJHJsgHN1u8Rxdpyf5UE,572,True,5.0,True
e9c980b9-4a1a-4edb-8a3e-af6776c115d0,0df798bc-0eb8-4705-832a-69fbf2d3570f,6ka1arf2CiwuSiQfMV4V9nVspijiaVGkqJPzAdmPsNn4,5.0,1783693800,2TwZWB6gSXUt1ED3q4bAbZ7YABrWoRk432X2LoS6uMyV4oQaU3SKNKTDbikkBDgdsmRZFoUbCLu9LAVnfLCZjnoM,572,True,5.0,True
4b238ea4-b30e-4906-8b4a-cc6fdd7fb43a,74f7d5c8-11c6-431d-9429-d1445ac6d8dc,Fb1eYwnMbgpKbptG1hoPidzk6TVV8Jh8Bu3PBKGCkMqW,5.0,1783693800,5jmmwFfwxhQr5KEeDuXJhoxX8pUk8Kmz3GjDSvurp7iAXxgRzWLQ4ofDqxDrVrwg513gXEXG4oPNfNa2QNCWeyDv,572,True,5.0,True
0f3dafa3-7404-4957-91e3-4dea280f4e47,bf1d2ea7-eadf-4c21-892d-c03a21c522fc,33Gxa3w5msDGkCVCDVuw2ZKJ4qJEB3t5cBi5skfHRZxu,5.0,1783693800,9EYsdkLWYBdn7fdCk9ow9Q9xqTh4QhE6Da8b73WFB9eRcPrWtxVT7u3D7ijJU68y5ma4TXPKCedwdGyfSzLwpDm,572,True,5.0,True
1088415b-b577-4698-b563-bf212bc819bf,84144f5b-fd2d-4766-8a9f-9120bdf5a82c,3rxqAsdzMHxL23JCzUAT65iWCtKkVJffevpNkbek7fMZ,5.0,1783693800,3TgcBfnXHeK8vR3kzmXKvvyVooDMg3xpVpM7zTuSsbWHgB8Y1iSy823FvDvPkdANdSWN7cpsevX1fGrpcBVVENyS,572,True,5.0,True
7282877b-ae28-4c92-96a7-7acbbb7fe440,305efcf9-c8b2-4cb1-9743-f6bb4b878c5d,RikzZFpTiwH8zNY2tcPbX1tUQ1ULyys3AcdyjYS1Q3Z,5.0,1783693800,2ikReLZ18WLXupYo1c4gzgfon6NExrUvHT5bw8xo5zCiBRfPk76SdBA7AmNDCsUSGpsiqpaL7Yc9YbCuFWb1V1Pk,572,True,5.0,True
408a0737-9666-4da7-9ae0-95c315f8627b,d795d943-1dd8-4ead-bf65-dce0b0c16132,74Zh8Tvn4JzfGvfyioKwiyD3dZA94KALc9ccbEPDCe2w,5.0,1783693800,2NzH28manknwR9DjLES1t4fPhH1RqUXkrhSB1fpCtpPjEoTtacMd2rX9vGhRjXrDzH353qkCxAqQdhHmHpgEHjfU,572,True,5.0,True
6cce58e5-0fb6-4aab-b051-24d72cc29096,362d389b-e187-4564-99f9-0a7408c8b279,4sY52KG7Cznmwe1Hkv93fmSXwTYVajZoD2fUN36yBUDN,5.0,1783693800,47Q1wJ66JNG4dnGzTArLwH8y8mHEHe3ZZ62T1mYsyo7DVAhLgJkkq7iUed8GxLEhhcRQZ72H6S4e5jHB57WSu2jE,572,True,5.0,True
3f085f2a-ca93-4c29-b413-7994a13ad642,754e0a79-fafe-4b37-ae62-342b59275653,Hmo5REGK8vEmYHpE44Vw4NJ41Uubpiauwb5MdoH7vXyJ,5.0,1783693800,3q2fRjS4m4xddhCvLbgFUnuF7j3PDKxBbJErbw4rYKEQGrtvX8FawEkeaKLWQgJmtF62RLi1hspju5UzLWmGxcUs,572,True,5.0,True
d6147ad9-28a8-43b7-85ad-4e6e33d333a3,f7eab8d7-9cfc-4793-903c-f87db6cdb1c8,7FxkaFDAwfKphQwf66a9CJqsrmP67mL5vd9biTuszmwG,5.0,1783693800,2q9bJYHLFbz35NJBGNrX98s15zFRfG7gcc2ye81gqqNR4L5jrWN2tnjp4hvpLDkGvFM4756Wh795DX7SCGnSHD9Y,572,True,5.0,True
70adb05f-37f7-43ad-830b-65dc93b6416f,ad333e3c-1002-4b74-9c76-b5e96e4e8c55,7MQKi46F5xt3n3AtA6Yx5ndWzKdEEi5bNrMovJL64b5T,5.0,1783693800,5FFkHsEYBeif2egSrMmfZQqeoLJK2Qx47wR5PU4MFMzVKcD6Fajyv1i2cXj9JjCKXrfHxrNa8XBpobuJGqe9un33,572,True,5.0,True
1db825b1-f555-48d8-97e0-cce3ed5fbc26,9fae3cda-58ad-40dd-a339-3a4aeb3c0316,C8YnA4TyVaFK7gCJUuNwtLy2aym35gW3F4koasCWr2wu,5.0,1783693800,3bzFKcx76xkmtbK4LJT7h3qioGR2suNZNqVBsZkSJZetBEDUt3AsWCzmwcffWeSdV2F4sorvW1vVssv1qhucyFja,572,True,5.0,True
b85cd95b-5701-4d27-a86b-b7c2c31dd1ea,e2d3d94e-b8da-45f7-89e0-424b1b5bc03d,F9zayWCcEovBi8V9Kn65cYkUc5mVQJAta4akHpnCZhPX,5.0,1783693800,53i53TPxzAxtrfqQTAJS1RAaNaAUSmxhwjwmaKU1UiHv9Rq9uASZwmTAFfpRxLVtT3cdGHwtPKyRBq99VfZHeCd8,572,True,5.0,True
11cb3325-90fe-4a44-95a1-e65768dfe69b,0cf2ef76-2acf-48de-b384-0c1ce712ba74,EfeiVuUEHzY96jByMpEFgJdSSfEBuZ4kWcFszbmSNvbj,5.0,1783693800,2B8VWCZuHdx7YqkuZeuUQr3PaEBQsT7NwFQkTsmTWcKzesSWRDwCcYeP4xL3iksrXSr1GNukTeM2zaYqBHxNCewh,593,True,5.0,True
61d63936-4309-4c7f-b40c-38618d596567,5328db9f-a816-48ce-b202-4c6ec1c9adde,2v8zUXsPpDb6ZWDqCA4dVL2Cw3qYYCfeVMiWY5TGFkyc,5.0,1783693800,26BaMFdvYeqRHmLNPTyXydhncPC4SUv5zdUPqtuTWZoTdZjPsW6PXy1QjkXQN6gvqnmuffp72ZAoqJzj8ov13JKe,593,True,5.0,True
23dd8dec-940b-4ba8-8e72-39d673f024e3,0b5d5e49-cdfe-4467-9483-8b33332cfc93,Cn3seTJL9YnrAKE8nBAdgyhoQakEJhxLgUPT7j9JV8gS,5.0,1783693800,3Yu3nVN7Htq2QBWUiQgiYpanYSL1gEpVBxpgXGBoFfcxqWFDDXcUqU97XUg1xSy4S4jPiFE2XYj9rNiTRcxQnSTG,572,True,5.0,True
8d478694-f688-484f-b2a9-ee43b57df88a,9f241e9b-1ea2-46b2-ae68-368dcd9254dd,42FXke6mBfQaJCC2tuBxF2H6P6NpG7gADoTorbUHUyxE,5.0,1783693800,53ZTUZD6HNERhdoaNbWhzh3TeXhL76aFJ5f8g42uW7WRu58thQ7mhzzhLNHMqxF6jtmjDRXj8qCiLqbxFWdSBvS3,593,True,5.0,True
f44b558a-07a2-4682-8bc9-e5fb3a66aa14,0ddb6c67-be64-40f6-897a-fda663992ddc,8ocFZXvFM3ir3st1YHa9kMCCjdkDRQLUPgznn9RSersx,5.0,1783693800,5KxmmkiTFvEDjPBG1pxBoZETPmCQ5yN9fXqeUaCXcYH9JEUMT81abRAcBr7DiLtCr7Wm2j7AevaNwjcFMpPCgi9n,572,True,5.0,True
781d6201-1b7b-459f-b780-3717b8ce48c3,a89b84b0-df6b-438b-8679-56e773eba97c,8zxjLLe5MWi69RdxiF5uZXJXm2TrARnUUDuHSv11Km3,5.0,1783693800,hDgoMf54pVyWL4gGKcZJav8eerEYTWRwpJvsujEZxPrXKYKETFgJcfqoBmkiJ4CTqFdXHqE4ouEmxvf8wTu78W9,593,True,5.0,True
e58fe784-0a76-42de-919d-3e2811e904e1,95871331-e60d-4cff-bbbd-ce22c320a9a5,6mhijpARakZfxa7aHRdwc4c9ZFPG9oQYxS41U1k9B1jD,5.0,1783693800,3Xe9Si2a1orrSTmoK4wgRz3WwSits4bPp4KRCG77Q8amPXAmPSQBkhpVYmdCX4GtbkDTX3dc2Dgg76jvYPSqdr4q,572,True,5.0,True
6856c0fc-a02f-406c-b5a9-8e014230af4c,530d0361-ebce-4442-9e8f-8f27338f3018,4dVB5XQjUyefbjDQ5PWUsr9zFfGssFNg2it3UHj56Nc2,5.0,1783693800,2aHaevceDhr19XbRs1qDjjDSpsqeukYf4VB1sGudQt43AhgLzo8pCx3GXbZZ7XtJr7aRPEgyzE2WTcxgEAMuZWih,593,True,5.0,True
7e318fae-f658-4244-aa0c-5971136d0cc7,a3c33547-6234-451d-85ed-5cff99e6b7db,6s56UUtBXagP6S6aDBVAjpC9RfKLpTEvE98mQPaGdXtb,5.0,1783693800,436hx3rG7gow5pAPYe98gwzadCRYm3VPTwuD4hsHBf51ek8xF3BdooevASPKnkPDNWE6fN6CKn3Q7QrXPwMagmfR,593,True,5.0,True
80120786-6dcb-4cb0-bf4c-51d9f7959410,5cb02758-e4f2-4430-9891-d148c677fee5,Gy96x9Jzc86Sz2B2T1mR1fWLJk79c2TP6gwKWWb2rHcB,5.0,1783693800,4GV6h5nnQTVbucUsxV2Touqko9YsnPHyoCnKDW1YJuRwXdTJ87oevfGdDZfCRETkpX47eHdJpeTtdaeX4putrSqL,593,True,5.0,True
7a1a7077-8e46-4841-b509-174f509588c2,cb1aebae-c064-4b8c-815a-4ea1b51a00d6,HmrdSKxivKuSXSiCnmov18h3yk7B8LC2EJFmvuYAfSAn,5.0,1783693800,479U4RSyatUFKD7yVTDPoLUdPTzQZo7GnKY1VmCuLmBwedbVy5GxakgrDLcdPQEtzzkjz7x48dm1WegonwT6e8tY,593,True,5.0,True
3f9abf23-fc0d-40a1-b101-074420fa2708,255fa602-4756-4e4e-b437-4b68a411758b,GDY7zbM2gQWEK2bnTDspw528w89Mhypvf2ivkCoCJpCp,5.0,1783693800,5rDNc6wDbXKZiZFuromATpQhntg8HWFnuPnQhi23S2jhXhw6Ya9qkpwKZtXn1FZouZdsFms7aHTFzWeWSpLh7Mp1,593,True,5.0,True
810215f3-5182-4a18-997a-1ddb41f7f62e,5cac8093-b952-4360-8080-9c0664f7791d,DtiEkjQpLVbdsRi8MY3G4yMyxLsvQohXNYEHgzNYhjFa,5.0,1783693800,2jXDfXsFhZeD95nU5u7JdWXknRzGofr6g2qtMC7TsDvLwFvQNdYu7d68gkx8UtywpYVHq8KyFk41hqNykY5ejc7S,593,True,5.0,True
b3452ceb-1ac9-4575-90ef-f849ff1d1cbb,1e26288e-fafc-44d7-abe0-050d6b7d46db,GsPqjXz5rtMExvaWWFo9R7BD5pGMKbz9ATsXPR8cLk7U,5.0,1783693800,5M7DLj3eWpkBdFYDxQg4ea4cUCQEwDFui6UiwvzYUk3fiw7tcvqKLahbJL6WW3HTMaZKtnMmbRysaGkaPiiGEMZa,592,True,5.0,True
03dabcbb-e934-477d-aa6e-c9b99719d35b,ece86279-67c1-47d6-bc8c-67b72127c893,B8jUrFtWWgJgFwG56VVac8Q1dhLRUer1dDjpWVcbd2gY,5.0,1783693800,5zt5bUGBUMQR7MN8hp6AW4ox62PtwZf21sbQaFHLP8vZZ8XLke83UWCe3hYAfePH826C7t17UF7yNNri8hvUmT67,592,True,5.0,True
a1912db8-18ce-40da-ab8f-be8324899d04,8b447673-13f3-457d-8ac7-99e2d15e6757,AibqRTpbyNvFRWk3tXGmWw7aw1fcAUqrfv1R5JYA59qN,5.0,1783693800,2o3fa4BCGy6h8vcYDrZfirfwiL1AiUxBqSbJNc84uJyspqoFEfGUwzpYUrNDkcKrkJnxLsBeDbdnQ1Sb9Riesp6,593,True,5.0,True
08157094-8a26-431a-a35d-f3e1d8bfc871,ab6f389e-7752-4b1d-89be-952e305ebd3c,2xkXMLxMjbyTaXZY3yAz2U7Nic3NJsfTToeMPzF7nA9e,5.0,1783693800,4PWfJKT5NjmoZPSCunALXaDo59jBbfAeWvHnEjBhkq1b9vKJraQTmt7iTvDj5ksSpjHYW5MepkHwYLHMdUZZrmwr,593,True,5.0,True
04dac85e-35f9-4513-b1f7-f5f076d09794,613951c6-ce7e-4f4b-ac6a-b38bbcebd6f9,2kDuyGTMjxrZBSfgFMjWnwfLMDLuuwicMavg7aEktpRW,5.0,1783693800,3kPy9vzNyhkCiT6XmCvhgsjUakbT3xtZCV7bLowi9mDqQBSuvHC5tcieEC7dSRm8c12tYVAY9QDAiqjrwoAGv74p,593,True,5.0,True
97401cc8-5c15-4aca-9699-c2ceb0a7620c,c14b68fe-e937-4d75-b649-cbd9422eac86,9gKjkVykt7yJxqGCCcr5UwckLNKgiWEkXY77ZbvHvKvj,5.0,1783693800,5BcJtidYuDVspXoVD82FaHzhzqqbVMPALbCsy1UmBZoYPiLdd8oUQ31WTg6CG3wHS88h4CdFz3b5pbCXwmLkYJnJ,593,True,5.0,True
c37c59fa-a1df-43cf-b4dc-603bdfeba8c5,adac9f39-03e5-493b-8318-364824a9a6ea,6EmWtajH8CkicPaKjud1V4LQdGU1d8o57HfPfR15R4YY,5.0,1783693800,5cMXLhEV9boEjufBzaWEKUCPWB9p44RKaA8kk3up37X4iuoGHqvhNyUqhjVX3aL4qKoFYjekQL96YPqjgBNpyhor,593,True,5.0,True
17e6c9a4-da26-4892-b316-46c0441c4e2d,3bd6698c-7490-41db-9c6a-bbc15b21a14e,F3sVKYVdrNuhpKPDrhWhYnW7HojSt1Wcbr7R8qyNhxri,5.0,1783693800,3PCDH5mbq3ZSeFtM9C3PB2Cmg8rV2ZJsHWnDDfC1si4J9M76w83RixYHArCJWELANHy6RbReDFxFR3be5w5awmZS,593,True,5.0,True
fe1d658d-c362-456d-b21b-4622cc218f46,7467aad5-4b44-4ec3-97a0-4d267787b467,gcvoURwpvZY4RfbNjANZmRpiaNtcKHEsVcdrxF9a6Qn,5.0,1783693800,2rwpbh4sM9FvxUigNi8SJpGsZKfvymtZqbUyKP8QWZhWEDNUuW2JgdwjG93BAaSUuL8fq9WVx1r4v4YNzwzoxTQH,593,True,5.0,True
568fe655-7a9e-4921-90b7-fca69a035f59,518159b0-c4d8-4d80-91c1-d6609807dc26,EHx7LgdFnLvVoCk1eDiD5fzM7CPGFpcMNREo2vCRaWms,5.0,1783693800,TiWHNWR6x8hVsP9z1X5Re2FcED19qoJDvgr2vDTQP2wqz71y7bkXJfqP3G4DMwe6WdCR5msZbKLp6M73B74n8t2,593,True,5.0,True
bb093155-42f0-4fe7-9e46-7d24dfb3816e,c3657686-827f-4fde-aea3-335330214eea,4WCe8Y8tceggzkLvMzV6uRSJmVMjDjCLVuwP9DXuHH2P,5.0,1783693800,V46dQU179XPVUv2KEpCVLB6ryYiEGvvLExNRVskcXvHrRWRN6UXDuTr56RyGzVok2hJu3vFkbBRtwPPpRRdKPFo,592,True,5.0,True
6f5767c1-0fbb-4756-9f42-62a82c5b61a4,555ca79d-0992-4fd1-b865-e042eab6b12f,2PAazuLEJ5moUbHk9PPyomKKmGtsRa1RfVEKshp7KKWe,5.0,1783693800,4XVkNHv9iCHz6NtyWKHV86V4tRKRaMcR4ptpW3JjvhzNxyhZArFrCNCBFfSWNAR2aWGfK2f12yafL152a6U43YGZ,593,True,5.0,True
f920c156-7d23-44e1-95ef-cc94cba6d800,8fde8ebe-a689-4b0c-ac92-99a2aed62d86,9n7CXAsdYZweRkMgT1tGcqr1LkytJ2938wpcp7TWWSp1,5.0,1783693800,5TjSxD3tQDFHtPHWUc25i6YJhhtRkEBmQee2ktm4gC9nJc417XFy1YANdF4upSLqAgBtY71DGgMDuDzeeP9KA6Wz,593,True,5.0,True
a454ce78-3ce6-4cd0-ab76-b253449d83fe,f3b6a243-4576-4ab3-950d-a529e3002cfb,5qeFHLsRPb4xZ7AbRoZBAgX1hB9Qj34oCZ1PAEbPrPaa,5.0,1783693800,2G1EjyUPHTEtWU4xqmxS3WES18uaaeUUBL2F9pjWuFJ8ad697Zuja1JuaHZeTJ6gwdqocMsjwztUbbcFDhLje9CZ,593,True,5.0,True
3c0c90e6-1d4e-43d4-868b-6ef8b8bc2bc1,e90692ed-8dbf-4980-b1c6-d7ad6a628b7a,CYA4WfEcKrm5isondFhzuzdhqcZ72Xu2ipLiy1J2g7FQ,5.0,1783693800,4ypr8n8PzkgeGTXdbCavzNuHQHdpoHpgtJ4XL88kFoQJ99TRDguj1KY5xoEJ1igFvy3qfEUXx92J5TijggNXvd2y,593,True,5.0,True
7f2022e2-954a-465a-bd43-99deb0b3a482,37bcc1fe-feb0-4f97-b1d7-b5cb6995ecf4,9aTDjJJBv5PaMrinExukJbnJyFoak8xkbS6HyuwFnM7m,5.0,1783693800,3JNj5r6taZnbTyEKT2PPrf5DYmcuUFKbYUyCZrBqPUSD2Kv72hatBM5vwtrgvNTW3A1g2iCePMywaXzkLje2TcXJ,593,True,5.0,True
334e4d09-6f3b-4f4d-bd25-bc3d5655a1d1,41604214-fbbd-4e60-9042-be9d84cdb749,B7v7NGuspqfcCJFpANjuwsbZjegZVFjMA9cMEsL3A7Gg,5.0,1783693800,wKF2MQPCj39YJWYPQnyJ4xnpdxUw3LAmXfxpV9hMShVtNRLCMfggkmHJywVaqYEc2BQfxf635G9j6ukDn7U6NCR,593,True,5.0,True
82478f74-1367-4240-a7ed-038c19d97d3a,40fb70f1-d6bb-47db-b3ac-6640004b5ad1,AqSTg44YsQffWoyud3kJp1BAqyckNQHhmMasVZUNPstc,5.0,1783693800,hu1tpihdYBhkiaStHxcoesVdyHmWVDAhGL6C3Jjb4tYKNmp4dfvGVVyGiFn95h26JeSwG5FPj6yUw6UTz8S7Qxu,592,True,5.0,True
b49cc402-07de-4f80-848f-c1751936c92e,11fef541-f657-4515-8d9d-222dc26cf43a,E9JdR75k42gCiR1PvX3fD19izYvjSGNwBJJQMBWzjzAy,5.0,1783693800,4BkmFBnUfDrsCAnnUuzGuhMHScmr36fNcexUy6GThhHUa3ukf2b8PxHFZ5689Drb8zvJguKTsTCVSXcbMzdQTUJT,593,True,5.0,True
3c23e6fb-bcaa-4b7a-9048-39fb4e043821,0567d2b8-6502-4748-8330-790665e20cac,Az3sDHjH6PjH1sP7e8z3snDbZD4yjhzSMa4rzk2vxsxB,5.0,1783693800,2TdfcY4bYv9ErfwPnU4Roj6unBygj9Vvgm9NyM6xXG84UscVMdNLmyniNTj7q8KfBs3oiZkzMz9U7C9qSH6tRdQk,593,True,5.0,True
